{"min_lat": 43.60399999999994, "min_lon": -79.4329999999999, "max_lat": 43.70300000000006, "max_lon": -79.33400000000012}